scenario,stage,elapsed_training_seconds,assumed_fight_seconds,total_seconds,available_power,lifetime_power,level,facility_tier,gold,tickets_2_used,tickets_3_used,tickets_5_used,vouchers_used,cleared_gates
free_training,1,0,0,0,0,0,1,1,0,0,0,0,0,0
free_training,2,45,0,45,0,450,4,1,0,0,0,0,0,0
free_training,3,105,0,105,0,1650,7,1,0,0,0,0,0,0
free_training,4,180,0,180,0,4650,11,1,0,0,0,0,0,0
free_training,5,270,0,270,0,11850,14,1,0,0,0,0,0,0
free_training,6,375,0,375,0,28650,18,1,0,0,0,0,0,0
free_training,7,495,0,495,0,67050,21,1,0,0,0,0,0,0
free_training,8,630,0,630,0,153450,24,1,0,0,0,0,0,0
free_training,9,780,0,780,0,345450,27,1,0,0,0,0,0,0
free_training,10,945,0,945,0,767850,30,1,0,0,0,0,0,0
free_training,10,945,60,1005,51200,819050,30,1,100,0,0,0,0,1
free_training,11,1115,60,1175,0,1689450,33,1,100,0,0,0,0,1
free_training,12,1310,60,1370,0,3686250,36,1,100,0,0,0,0,1
free_training,13,1520,60,1580,0,7987050,39,1,100,0,0,0,0,1
free_training,14,1745,60,1805,0,17203050,42,1,100,0,0,0,0,1
free_training,15,1985,60,2045,0,36863850,45,1,100,0,0,0,0,1
free_training,16,2240,60,2300,0,78643050,48,1,100,0,0,0,0,1
free_training,17,2510,60,2570,0,167116650,51,1,100,0,0,0,0,1
free_training,18,2795,60,2855,0,353894250,53,1,100,0,0,0,0,1
free_training,19,3095,60,3155,0,747110250,56,1,100,0,0,0,0,1
free_training,20,3410,60,3470,0,1572863850,59,1,100,0,0,0,0,1
free_training,20,3410,150,3560,52428800,1625292650,59,1,1100,0,0,0,0,2
free_training,21,3730,150,3880,0,3303014250,62,1,1100,0,0,0,0,2
free_training,22,4075,150,4225,0,6920601450,65,1,1100,0,0,0,0,2
free_training,23,4435,150,4585,0,14470348650,68,1,1100,0,0,0,0,2
free_training,24,4810,150,4960,0,30198988650,70,1,1100,0,0,0,0,2
free_training,25,5200,150,5350,0,62914559850,73,1,1100,0,0,0,0,2
free_training,26,5605,150,5755,0,130862284650,76,1,1100,0,0,0,0,2
free_training,27,6025,150,6175,0,271790899050,79,1,1100,0,0,0,0,2
free_training,28,6460,150,6610,0,563714457450,81,1,1100,0,0,0,0,2
free_training,29,6910,150,7060,0,1167694233450,84,1,1100,0,0,0,0,2
free_training,30,7375,150,7525,0,2415919103850,87,1,1100,0,0,0,0,2
free_training,30,7375,270,7645,53687091200,2469606195050,87,1,11100,0,0,0,0,3
auto_facility,1,0,0,0,0,0,1,1,0,0,0,0,0,0
auto_facility,2,38,0,38,6,456,4,1,25,0,0,0,0,0
auto_facility,3,86,0,86,6,1656,7,1,57,0,0,0,0,0
auto_facility,4,146,0,146,6,4656,11,1,97,0,0,0,0,0
auto_facility,5,207,0,207,7,11857,14,2,17,0,0,0,0,0
auto_facility,6,267,0,267,127,28777,18,2,57,0,0,0,0,0
auto_facility,7,335,0,335,147,67197,21,2,103,0,0,0,0,0
auto_facility,8,412,0,412,757,154207,24,2,154,0,0,0,0,0
auto_facility,9,497,0,497,942,346392,27,2,211,0,0,0,0,0
auto_facility,10,591,0,591,3610,771460,30,2,273,0,0,0,0,0
auto_facility,10,591,60,651,54810,822660,30,2,373,0,0,0,0,1
auto_facility,11,687,60,747,1530,1690980,33,2,655,0,0,0,0,1
auto_facility,12,788,60,848,5900,3692150,36,3,101,0,0,0,0,1
auto_facility,13,881,60,941,22253,8009303,39,3,374,0,0,0,0,1
auto_facility,14,981,60,1041,90453,17293503,42,3,667,0,0,0,0,1
auto_facility,15,1087,60,1147,112263,36976113,45,3,978,0,0,0,0,1
auto_facility,16,1200,60,1260,297873,78940923,48,3,1310,0,0,0,0,1
auto_facility,17,1319,60,1379,210452,167327102,51,3,1659,0,0,0,0,1
auto_facility,18,1445,60,1505,603584,354497834,53,3,2029,0,0,0,0,1
auto_facility,19,1578,60,1638,2525929,749636179,56,3,2419,0,0,0,0,1
auto_facility,20,1717,60,1777,2700599,1575564449,59,3,2826,0,0,0,0,1
auto_facility,20,1717,150,1867,55129399,1627993249,59,3,3826,0,0,0,0,2
auto_facility,21,1858,150,2008,603400,3303617650,62,3,5800,0,0,0,0,2
auto_facility,22,1969,150,2119,27866302,6948467752,65,4,1354,0,0,0,0,2
auto_facility,23,2079,150,2229,13885252,14484233902,68,4,2894,0,0,0,0,2
auto_facility,24,2194,150,2344,41847202,30240835852,70,4,4504,0,0,0,0,2
auto_facility,25,2314,150,2464,209619322,63124179172,73,4,6184,0,0,0,0,2
auto_facility,26,2438,150,2588,220804050,131083088700,76,4,7920,0,0,0,0,2
auto_facility,27,2567,150,2717,690566055,272481465105,79,4,9726,0,0,0,0,2
auto_facility,28,2700,150,2850,332652025,564047109475,81,4,11588,0,0,0,0,2
auto_facility,29,2838,150,2988,1406393803,1169100627253,84,4,13520,0,0,0,0,2
auto_facility,30,2981,150,3131,7133016769,2423052120619,87,4,15522,0,0,0,0,2
auto_facility,30,2981,270,3251,60820107969,2476739211819,87,4,25522,0,0,0,0,3
direct_raid,1,0,0,0,0,0,1,1,0,0,0,0,0,0
direct_raid,2,35,0,35,5,455,4,1,29,0,0,0,0,0
direct_raid,3,81,0,81,1,1651,7,1,67,0,0,0,0,0
direct_raid,4,138,0,138,22,4672,11,1,115,0,0,0,0,0
direct_raid,5,189,0,189,28,11878,14,2,37,0,0,0,0,0
direct_raid,6,247,0,247,222,28872,18,2,85,0,0,0,0,0
direct_raid,7,313,0,313,498,67548,21,2,140,0,0,0,0,0
direct_raid,8,387,0,387,900,154350,24,2,202,0,0,0,0,0
direct_raid,9,469,0,469,1272,346722,27,2,270,0,0,0,0,0
direct_raid,10,559,0,559,1242,769092,30,2,345,0,0,0,0,0
direct_raid,10,559,60,619,52442,820292,30,2,445,0,0,0,0,1
direct_raid,11,652,60,712,3740,1693190,33,2,786,0,0,0,0,1
direct_raid,12,740,60,800,17364,3703614,36,3,259,0,0,0,0,1
direct_raid,13,830,60,890,17304,8004354,39,3,589,0,0,0,0,1
direct_raid,14,927,60,987,71885,17274935,42,3,945,0,0,0,0,1
direct_raid,15,1030,60,1090,99123,36962973,45,3,1322,0,0,0,0,1
direct_raid,16,1140,60,1200,372153,79015203,48,3,1726,0,0,0,0,1
direct_raid,17,1256,60,1316,590529,167707179,51,3,2151,0,0,0,0,1
direct_raid,18,1378,60,1438,372035,354266285,53,3,2598,0,0,0,0,1
direct_raid,19,1507,60,1567,1682669,748792919,56,3,3071,0,0,0,0,1
direct_raid,20,1642,60,1702,1682624,1574546474,59,3,3566,0,0,0,0,1
direct_raid,20,1642,150,1792,54111424,1626975274,59,3,4566,0,0,0,0,2
direct_raid,21,1763,150,1913,8673050,3311687300,62,4,684,0,0,0,0,2
direct_raid,22,1867,150,2017,26149282,6946750732,65,4,2504,0,0,0,0,2
direct_raid,23,1975,150,2125,26149210,14496497860,68,4,4394,0,0,0,0,2
direct_raid,24,2088,150,2238,96054239,30295042889,70,4,6371,0,0,0,0,2
direct_raid,25,2205,150,2355,96054161,63010614011,73,4,8419,0,0,0,0,2
direct_raid,26,2327,150,2477,375674387,131237959037,76,4,10554,0,0,0,0,2
direct_raid,27,2453,150,2603,375674303,272166573353,79,4,12759,0,0,0,0,2
direct_raid,28,2584,150,2734,1494155326,565208612776,81,4,15051,0,0,0,0,2
direct_raid,29,2719,150,2869,1494155236,1169188388686,84,4,17414,0,0,0,0,2
direct_raid,30,2859,150,3009,5968079456,2421887183306,87,4,19864,0,0,0,0,2
direct_raid,30,2859,270,3129,59655170656,2475574274506,87,4,29864,0,0,0,0,3
ticket2_once,1,0,0,0,0,0,1,1,0,0,0,0,0,0
ticket2_once,3,45,0,45,0,450,4,1,0,1,0,0,0,0
ticket2_once,4,120,0,120,0,3450,10,1,0,1,0,0,0,0
ticket2_once,5,210,0,210,0,10650,14,1,0,1,0,0,0,0
ticket2_once,6,315,0,315,0,27450,17,1,0,1,0,0,0,0
ticket2_once,7,435,0,435,0,65850,21,1,0,1,0,0,0,0
ticket2_once,8,570,0,570,0,152250,24,1,0,1,0,0,0,0
ticket2_once,9,720,0,720,0,344250,27,1,0,1,0,0,0,0
ticket2_once,10,885,0,885,0,766650,30,1,0,1,0,0,0,0
ticket2_once,10,885,60,945,51200,817850,30,1,100,1,0,0,0,1
ticket2_once,11,1055,60,1115,0,1688250,33,1,100,1,0,0,0,1
ticket2_once,12,1250,60,1310,0,3685050,36,1,100,1,0,0,0,1
ticket2_once,13,1460,60,1520,0,7985850,39,1,100,1,0,0,0,1
ticket2_once,14,1685,60,1745,0,17201850,42,1,100,1,0,0,0,1
ticket2_once,15,1925,60,1985,0,36862650,45,1,100,1,0,0,0,1
ticket2_once,16,2180,60,2240,0,78641850,48,1,100,1,0,0,0,1
ticket2_once,17,2450,60,2510,0,167115450,51,1,100,1,0,0,0,1
ticket2_once,18,2735,60,2795,0,353893050,53,1,100,1,0,0,0,1
ticket2_once,19,3035,60,3095,0,747109050,56,1,100,1,0,0,0,1
ticket2_once,20,3350,60,3410,0,1572862650,59,1,100,1,0,0,0,1
ticket2_once,20,3350,150,3500,52428800,1625291450,59,1,1100,1,0,0,0,2
ticket2_once,21,3670,150,3820,0,3303013050,62,1,1100,1,0,0,0,2
ticket2_once,22,4015,150,4165,0,6920600250,65,1,1100,1,0,0,0,2
ticket2_once,23,4375,150,4525,0,14470347450,68,1,1100,1,0,0,0,2
ticket2_once,24,4750,150,4900,0,30198987450,70,1,1100,1,0,0,0,2
ticket2_once,25,5140,150,5290,0,62914558650,73,1,1100,1,0,0,0,2
ticket2_once,26,5545,150,5695,0,130862283450,76,1,1100,1,0,0,0,2
ticket2_once,27,5965,150,6115,0,271790897850,79,1,1100,1,0,0,0,2
ticket2_once,28,6400,150,6550,0,563714456250,81,1,1100,1,0,0,0,2
ticket2_once,29,6850,150,7000,0,1167694232250,84,1,1100,1,0,0,0,2
ticket2_once,30,7315,150,7465,0,2415919102650,87,1,1100,1,0,0,0,2
ticket2_once,30,7315,270,7585,53687091200,2469606193850,87,1,11100,1,0,0,0,3
ticket3_once,1,0,0,0,0,0,1,1,0,0,0,0,0,0
ticket3_once,4,45,0,45,0,450,4,1,0,0,1,0,0,0
ticket3_once,5,135,0,135,0,7650,13,1,0,0,1,0,0,0
ticket3_once,6,240,0,240,0,24450,17,1,0,0,1,0,0,0
ticket3_once,7,360,0,360,0,62850,20,1,0,0,1,0,0,0
ticket3_once,8,495,0,495,0,149250,24,1,0,0,1,0,0,0
ticket3_once,9,645,0,645,0,341250,27,1,0,0,1,0,0,0
ticket3_once,10,810,0,810,0,763650,30,1,0,0,1,0,0,0
ticket3_once,10,810,60,870,51200,814850,30,1,100,0,1,0,0,1
ticket3_once,11,980,60,1040,0,1685250,33,1,100,0,1,0,0,1
ticket3_once,12,1175,60,1235,0,3682050,36,1,100,0,1,0,0,1
ticket3_once,13,1385,60,1445,0,7982850,39,1,100,0,1,0,0,1
ticket3_once,14,1610,60,1670,0,17198850,42,1,100,0,1,0,0,1
ticket3_once,15,1850,60,1910,0,36859650,45,1,100,0,1,0,0,1
ticket3_once,16,2105,60,2165,0,78638850,48,1,100,0,1,0,0,1
ticket3_once,17,2375,60,2435,0,167112450,51,1,100,0,1,0,0,1
ticket3_once,18,2660,60,2720,0,353890050,53,1,100,0,1,0,0,1
ticket3_once,19,2960,60,3020,0,747106050,56,1,100,0,1,0,0,1
ticket3_once,20,3275,60,3335,0,1572859650,59,1,100,0,1,0,0,1
ticket3_once,20,3275,150,3425,52428800,1625288450,59,1,1100,0,1,0,0,2
ticket3_once,21,3595,150,3745,0,3303010050,62,1,1100,0,1,0,0,2
ticket3_once,22,3940,150,4090,0,6920597250,65,1,1100,0,1,0,0,2
ticket3_once,23,4300,150,4450,0,14470344450,68,1,1100,0,1,0,0,2
ticket3_once,24,4675,150,4825,0,30198984450,70,1,1100,0,1,0,0,2
ticket3_once,25,5065,150,5215,0,62914555650,73,1,1100,0,1,0,0,2
ticket3_once,26,5470,150,5620,0,130862280450,76,1,1100,0,1,0,0,2
ticket3_once,27,5890,150,6040,0,271790894850,79,1,1100,0,1,0,0,2
ticket3_once,28,6325,150,6475,0,563714453250,81,1,1100,0,1,0,0,2
ticket3_once,29,6775,150,6925,0,1167694229250,84,1,1100,0,1,0,0,2
ticket3_once,30,7240,150,7390,0,2415919099650,87,1,1100,0,1,0,0,2
ticket3_once,30,7240,270,7510,53687091200,2469606190850,87,1,11100,0,1,0,0,3
ticket5_once,1,0,0,0,0,0,1,1,0,0,0,0,0,0
ticket5_once,6,45,0,45,0,450,4,1,0,0,0,1,0,0
ticket5_once,7,165,0,165,0,38850,19,1,0,0,0,1,0,0
ticket5_once,8,300,0,300,0,125250,23,1,0,0,0,1,0,0
ticket5_once,9,450,0,450,0,317250,27,1,0,0,0,1,0,0
ticket5_once,10,615,0,615,0,739650,30,1,0,0,0,1,0,0
ticket5_once,10,615,60,675,51200,790850,30,1,100,0,0,1,0,1
ticket5_once,11,785,60,845,0,1661250,33,1,100,0,0,1,0,1
ticket5_once,12,980,60,1040,0,3658050,36,1,100,0,0,1,0,1
ticket5_once,13,1190,60,1250,0,7958850,39,1,100,0,0,1,0,1
ticket5_once,14,1415,60,1475,0,17174850,42,1,100,0,0,1,0,1
ticket5_once,15,1655,60,1715,0,36835650,45,1,100,0,0,1,0,1
ticket5_once,16,1910,60,1970,0,78614850,48,1,100,0,0,1,0,1
ticket5_once,17,2180,60,2240,0,167088450,51,1,100,0,0,1,0,1
ticket5_once,18,2465,60,2525,0,353866050,53,1,100,0,0,1,0,1
ticket5_once,19,2765,60,2825,0,747082050,56,1,100,0,0,1,0,1
ticket5_once,20,3080,60,3140,0,1572835650,59,1,100,0,0,1,0,1
ticket5_once,20,3080,150,3230,52428800,1625264450,59,1,1100,0,0,1,0,2
ticket5_once,21,3400,150,3550,0,3302986050,62,1,1100,0,0,1,0,2
ticket5_once,22,3745,150,3895,0,6920573250,65,1,1100,0,0,1,0,2
ticket5_once,23,4105,150,4255,0,14470320450,68,1,1100,0,0,1,0,2
ticket5_once,24,4480,150,4630,0,30198960450,70,1,1100,0,0,1,0,2
ticket5_once,25,4870,150,5020,0,62914531650,73,1,1100,0,0,1,0,2
ticket5_once,26,5275,150,5425,0,130862256450,76,1,1100,0,0,1,0,2
ticket5_once,27,5695,150,5845,0,271790870850,79,1,1100,0,0,1,0,2
ticket5_once,28,6130,150,6280,0,563714429250,81,1,1100,0,0,1,0,2
ticket5_once,29,6580,150,6730,0,1167694205250,84,1,1100,0,0,1,0,2
ticket5_once,30,7045,150,7195,0,2415919075650,87,1,1100,0,0,1,0,2
ticket5_once,30,7045,270,7315,53687091200,2469606166850,87,1,11100,0,0,1,0,3
ticket_repeat,1,0,0,0,0,0,1,1,0,0,0,0,0,0
ticket_repeat,6,45,0,45,0,450,4,1,0,0,0,1,0,0
ticket_repeat,9,165,0,165,0,38850,19,1,0,0,1,1,0,0
ticket_repeat,10,330,0,330,0,461250,28,1,0,0,1,1,0,0
ticket_repeat,10,330,60,390,51200,512450,28,1,100,0,1,1,0,1
ticket_repeat,15,500,60,560,0,1382850,32,1,100,0,1,2,0,1
ticket_repeat,20,755,60,815,0,43162050,45,1,100,0,1,3,0,1
ticket_repeat,20,755,150,905,52428800,95590850,48,1,1100,0,1,3,0,2
ticket_repeat,25,1075,150,1225,0,1773312450,60,1,1100,0,1,4,0,2
ticket_repeat,30,1480,150,1630,0,69721037250,74,1,1100,0,1,5,0,2
ticket_repeat,30,1480,270,1750,53687091200,123408128450,76,1,11100,0,1,5,0,3
voucher_only,1,0,0,0,6000,6000,12,1,0,0,0,0,1,0
voucher_only,2,0,0,0,5550,6000,12,1,0,0,0,0,1,0
voucher_only,3,0,0,0,4350,6000,12,1,0,0,0,0,1,0
voucher_only,4,0,0,0,1350,6000,12,1,0,0,0,0,1,0
voucher_only,5,74,0,74,70,11920,14,1,0,0,0,0,1,0
voucher_only,6,179,0,179,70,28720,18,1,0,0,0,0,1,0
voucher_only,7,299,0,299,70,67120,21,1,0,0,0,0,1,0
voucher_only,8,434,0,434,70,153520,24,1,0,0,0,0,1,0
voucher_only,9,584,0,584,70,345520,27,1,0,0,0,0,1,0
voucher_only,10,749,0,749,70,767920,30,1,0,0,0,0,1,0
voucher_only,10,749,60,809,51270,819120,30,1,100,0,0,0,1,1
voucher_only,11,919,60,979,70,1689520,33,1,100,0,0,0,1,1
voucher_only,12,1114,60,1174,70,3686320,36,1,100,0,0,0,1,1
voucher_only,13,1324,60,1384,70,7987120,39,1,100,0,0,0,1,1
voucher_only,14,1549,60,1609,70,17203120,42,1,100,0,0,0,1,1
voucher_only,15,1789,60,1849,70,36863920,45,1,100,0,0,0,1,1
voucher_only,16,2044,60,2104,70,78643120,48,1,100,0,0,0,1,1
voucher_only,17,2314,60,2374,70,167116720,51,1,100,0,0,0,1,1
voucher_only,18,2599,60,2659,70,353894320,53,1,100,0,0,0,1,1
voucher_only,19,2899,60,2959,70,747110320,56,1,100,0,0,0,1,1
voucher_only,20,3214,60,3274,70,1572863920,59,1,100,0,0,0,1,1
voucher_only,20,3214,150,3364,52428870,1625292720,59,1,1100,0,0,0,1,2
voucher_only,21,3534,150,3684,70,3303014320,62,1,1100,0,0,0,1,2
voucher_only,22,3879,150,4029,70,6920601520,65,1,1100,0,0,0,1,2
voucher_only,23,4239,150,4389,70,14470348720,68,1,1100,0,0,0,1,2
voucher_only,24,4614,150,4764,70,30198988720,70,1,1100,0,0,0,1,2
voucher_only,25,5004,150,5154,70,62914559920,73,1,1100,0,0,0,1,2
voucher_only,26,5409,150,5559,70,130862284720,76,1,1100,0,0,0,1,2
voucher_only,27,5829,150,5979,70,271790899120,79,1,1100,0,0,0,1,2
voucher_only,28,6264,150,6414,70,563714457520,81,1,1100,0,0,0,1,2
voucher_only,29,6714,150,6864,70,1167694233520,84,1,1100,0,0,0,1,2
voucher_only,30,7179,150,7329,70,2415919103920,87,1,1100,0,0,0,1,2
voucher_only,30,7179,270,7449,53687091270,2469606195120,87,1,11100,0,0,0,1,3
voucher_ticket,1,0,0,0,6000,6000,12,1,0,0,0,0,1,0
voucher_ticket,6,0,0,0,5550,6000,12,1,0,0,0,1,1,0
voucher_ticket,7,103,0,103,110,38960,19,1,0,0,0,1,1,0
voucher_ticket,8,238,0,238,110,125360,23,1,0,0,0,1,1,0
voucher_ticket,9,388,0,388,110,317360,27,1,0,0,0,1,1,0
voucher_ticket,10,553,0,553,110,739760,30,1,0,0,0,1,1,0
voucher_ticket,10,553,60,613,51310,790960,30,1,100,0,0,1,1,1
voucher_ticket,11,723,60,783,110,1661360,33,1,100,0,0,1,1,1
voucher_ticket,12,918,60,978,110,3658160,36,1,100,0,0,1,1,1
voucher_ticket,13,1128,60,1188,110,7958960,39,1,100,0,0,1,1,1
voucher_ticket,14,1353,60,1413,110,17174960,42,1,100,0,0,1,1,1
voucher_ticket,15,1593,60,1653,110,36835760,45,1,100,0,0,1,1,1
voucher_ticket,16,1848,60,1908,110,78614960,48,1,100,0,0,1,1,1
voucher_ticket,17,2118,60,2178,110,167088560,51,1,100,0,0,1,1,1
voucher_ticket,18,2403,60,2463,110,353866160,53,1,100,0,0,1,1,1
voucher_ticket,19,2703,60,2763,110,747082160,56,1,100,0,0,1,1,1
voucher_ticket,20,3018,60,3078,110,1572835760,59,1,100,0,0,1,1,1
voucher_ticket,20,3018,150,3168,52428910,1625264560,59,1,1100,0,0,1,1,2
voucher_ticket,21,3338,150,3488,110,3302986160,62,1,1100,0,0,1,1,2
voucher_ticket,22,3683,150,3833,110,6920573360,65,1,1100,0,0,1,1,2
voucher_ticket,23,4043,150,4193,110,14470320560,68,1,1100,0,0,1,1,2
voucher_ticket,24,4418,150,4568,110,30198960560,70,1,1100,0,0,1,1,2
voucher_ticket,25,4808,150,4958,110,62914531760,73,1,1100,0,0,1,1,2
voucher_ticket,26,5213,150,5363,110,130862256560,76,1,1100,0,0,1,1,2
voucher_ticket,27,5633,150,5783,110,271790870960,79,1,1100,0,0,1,1,2
voucher_ticket,28,6068,150,6218,110,563714429360,81,1,1100,0,0,1,1,2
voucher_ticket,29,6518,150,6668,110,1167694205360,84,1,1100,0,0,1,1,2
voucher_ticket,30,6983,150,7133,110,2415919075760,87,1,1100,0,0,1,1,2
voucher_ticket,30,6983,270,7253,53687091310,2469606166960,87,1,11100,0,0,1,1,3
offline_8h,1,28800,0,28800,72000,72000,21,1,0,0,0,0,0,0
offline_8h,2,28800,0,28800,71550,72000,21,1,0,0,0,0,0,0
offline_8h,3,28800,0,28800,70350,72000,21,1,0,0,0,0,0,0
offline_8h,4,28800,0,28800,67350,72000,21,1,0,0,0,0,0,0
offline_8h,5,28800,0,28800,60150,72000,21,1,0,0,0,0,0,0
offline_8h,6,28800,0,28800,43350,72000,21,1,0,0,0,0,0,0
offline_8h,7,28800,0,28800,4950,72000,21,1,0,0,0,0,0,0
offline_8h,8,28928,0,28928,470,153920,24,1,0,0,0,0,0,0
offline_8h,9,29078,0,29078,470,345920,27,1,0,0,0,0,0,0
offline_8h,10,29243,0,29243,470,768320,30,1,0,0,0,0,0,0
offline_8h,10,29243,60,29303,51670,819520,30,1,100,0,0,0,0,1
offline_8h,11,29413,60,29473,470,1689920,33,1,100,0,0,0,0,1
offline_8h,12,29608,60,29668,470,3686720,36,1,100,0,0,0,0,1
offline_8h,13,29818,60,29878,470,7987520,39,1,100,0,0,0,0,1
offline_8h,14,30043,60,30103,470,17203520,42,1,100,0,0,0,0,1
offline_8h,15,30283,60,30343,470,36864320,45,1,100,0,0,0,0,1
offline_8h,16,30538,60,30598,470,78643520,48,1,100,0,0,0,0,1
offline_8h,17,30808,60,30868,470,167117120,51,1,100,0,0,0,0,1
offline_8h,18,31093,60,31153,470,353894720,53,1,100,0,0,0,0,1
offline_8h,19,31393,60,31453,470,747110720,56,1,100,0,0,0,0,1
offline_8h,20,31708,60,31768,470,1572864320,59,1,100,0,0,0,0,1
offline_8h,20,31708,150,31858,52429270,1625293120,59,1,1100,0,0,0,0,2
offline_8h,21,32028,150,32178,470,3303014720,62,1,1100,0,0,0,0,2
offline_8h,22,32373,150,32523,470,6920601920,65,1,1100,0,0,0,0,2
offline_8h,23,32733,150,32883,470,14470349120,68,1,1100,0,0,0,0,2
offline_8h,24,33108,150,33258,470,30198989120,70,1,1100,0,0,0,0,2
offline_8h,25,33498,150,33648,470,62914560320,73,1,1100,0,0,0,0,2
offline_8h,26,33903,150,34053,470,130862285120,76,1,1100,0,0,0,0,2
offline_8h,27,34323,150,34473,470,271790899520,79,1,1100,0,0,0,0,2
offline_8h,28,34758,150,34908,470,563714457920,81,1,1100,0,0,0,0,2
offline_8h,29,35208,150,35358,470,1167694233920,84,1,1100,0,0,0,0,2
offline_8h,30,35673,150,35823,470,2415919104320,87,1,1100,0,0,0,0,2
offline_8h,30,35673,270,35943,53687091670,2469606195520,87,1,11100,0,0,0,0,3
