scenario,gate,reach_seconds,queue_wait_seconds,combat_start_seconds,assumed_clear_seconds,actual_clear_seconds,stage,level,facility,attack,available_power,lifetime_power,gold,ticket5_used,voucher10_used,kills
free,Gate10,589,0,589,649,NOT_MEASURED,10,30,2,68,520,768370,270,0,0,78
free,Gate20,1735,0,1735,1825,NOT_MEASURED,20,59,3,126,3507720,1576371570,2710,0,0,223
free,Gate30,3036,0,3036,3156,NOT_MEASURED,30,87,4,182,6053791240,2421972895090,14615,0,0,384
studio_ticket5,Gate10,401,0,401,461,NOT_MEASURED,10,30,2,68,320,739970,145,1,0,53
studio_ticket5,Gate20,1557,0,1557,1647,NOT_MEASURED,20,59,3,126,875840,1573711490,2607,1,0,199
studio_ticket5,Gate30,2860,0,2860,2980,NOT_MEASURED,30,87,4,182,5768043840,2421687119490,14617,1,0,361
studio_voucher10,Gate10,477,0,477,537,NOT_MEASURED,10,30,2,68,550,768400,195,0,1,63
studio_voucher10,Gate20,1630,0,1630,1720,NOT_MEASURED,20,59,3,126,4808230,1577672080,2657,0,1,209
studio_voucher10,Gate30,2933,0,2933,3053,NOT_MEASURED,30,87,4,182,707354150,2416626458000,14667,0,1,371
